﻿<?xml version="1.0" encoding="utf-8"?>
<component format="1" id="TestFairy.Xamarin">
  <name>TestFairy</name>
  <publisher>TestFairy</publisher>
  <publisher-url>https://www.testfairy.com</publisher-url>
  <version>1.2.4</version>
  <summary>TestFairy records video when your testers test your app.</summary>
  <samples>
    <sample id="TestFairy">
      <name>Android Sample</name>
      <summary>Android Sample</summary>
    </sample>
    <sample id="TestFairy">
      <name>iOS Sample</name>
      <summary>iOS Sample</summary>
    </sample>
  </samples>
</component>